,,,,,,,,,,,,,,,
Dumpster,Month,Year,Date,Weight (tons),Volume (cubic yards),Plastic Bottles,Polystyrene,Cigarette Butts,Glass Bottles,Plastic Bags,Wrappers,Sports Balls,Homes Powered*,,
1,May ,2014,5/16/2014,4.31,18,"1,450","1,820","126,000",72,584,"1,162",7,0,,
2,May ,2014,5/16/2014,2.74,13,"1,120","1,030","91,000",42,496,874,5,0,,
3,May,2014,5/16/2014,3.45,15,"2,450","3,100","105,000",50,"1,080","2,032",6,0,,
4,May,2014,5/17/2014,3.10,15,"2,380","2,730","100,000",52,896,"1,971",6,0,,
5,May,2014,5/17/2014,4.06,18,980,870,"120,000",72,368,753,7,0,,
6,May,2014,5/20/2014,2.71,13,"1,430","2,140","90,000",46,672,"1,144",5,0,,
7,May,2014,5/21/2014,1.91,8,910,"1,090","56,000",32,416,692,3,0,,
8,May,2014,5/28/2014,3.70,16,"3,580","4,310","112,000",58,"1,552","3,015",6,0,,
9,June,2014,6/5/2014,2.52,14,"2,400","2,790","98,000",49,984,"1,988",6,0,,
10,June,2014,6/11/2014,3.76,18,"1,340","1,730","130,000",75,448,"1,066",7,0,,
11,June,2014,6/11/2014,3.43,15,740,869,"110,000",38,344,544,6,0,,
12,June,2014,6/12/2014,4.17,19,950,"1,140","133,000",45,520,727,8,0,,
13,June,2014,6/13/2014,5.13,15,530,630,"104,000",58,224,361,6,0,,
14,June,2014,6/13/2014,4.17,15,840,760,"100,000",62,344,631,6,0,,
15,June,2014,6/19/2014,3.28,15,"1,130","1,350","102,000",64,432,883,6,0,,
16,June,2014,6/19/2014,3.05,15,"1,640","2,130","106,000",56,752,"1,327",6,0,,
17,June,2014,6/28/2014,2.49,13,"1,350","1,620","89,000",47,696,"1,075",5,0,,
18,July,2014,7/3/2014,2.54,15,"1,640","1,960","108,000",65,744,"1,327",6,0,,
19,July,2014,7/7/2014,2.41,15,"1,730","2,100","107,000",63,896,"1,405",6,0,,
20,July,2014,7/11/2014,3.83,18,"5,960","6,540","132,000",79,"2,560","5,085",7,0,, 
21,July,2014,7/14/2014,2.73,15,"2,170","2,620","112,000",32,"1,144","1,788",6,0,,
22,July,2014,7/15/2014,4.40,16,"1,930","2,210","115,000",53,688,"1,579",6,0,,
23,July,2014,7/15/2014,2.79,14,"3,200","3,840","98,000",25,"1,464","2,684",6,0,,
24,July,2014,7/25/2014,2.50,13,"2,500","3,040","85,000",18,"1,248","2,075",5,0,,
25,August,2014,8/4/2014,4.39,16,"2,140","2,050","118,000",68,904,"1,762",6,0,,
26,August,2014,8/4/2014,5.33,17,"1,630","1,950","123,000",75,512,"1,318",7,0,,
27,August,2014,8/13/2014,3.58,20,"3,640","4,360","141,000",82,"1,560","3,067",8,0,,
28,August,2014,8/13/2014,3.10,17,"1,430","1,870","121,000",63,552,"1,144",7,0,,
29,August,2014,8/19/2014,1.77,10,570,780,"32,000",21,310,"1,440",4,0,,
30,September,2014,9/3/2014,3.76,18,"4,800","3,640","310,000",110,"1,880","2,200",7,0,,
31,September,2014,9/24/2014,1.24,8,550,860,"18,000",11,420,"1,040",3,0,,
32,September,2014,9/26/2014,3.14,15,"2,240","2,880","112,000",42,"1,200","1,860",6,0,,
33,October,2014,10/3/2014,2.71,16,"4,220","4,840","84,000",38,"1,400","2,140",6,0,,
34,October,2014,10/9/2014,2.11,14,"1,400","1,650","80,000",18,"1,450","2,030",6,0,,
35,October,2014,10/20/2014,4.09,18,"2,820","3,010","78,000",7,990,"1,450",7,0,,
36,October,2014,10/20/2014,2.31,14,"1,900","2,240","81,000",22,840,"1,260",6,0,,
37,October,2014,10/24/2014,3.50,15,"3,650","3,880","94,000",51,"1,210","1,840",6,0,,
38,November,2014,11/06/14,2.70,15,760,"1,680","22,000",18,960,"1,720",6,0,,
39,November,2014,11/17/14,3.25,18,"1,250","2,730","46,000",28,"1,130","2,340",7,0,,
40,November,2014,11/20/14,3.84,15,880,"1,840","35,000",14,730,"1,760",6,0,,
41,November,2014,11/28/14,2.88,15,"1,800","3,970","52,000",32,560,"1,850",6,0,,
42,December,2014,12/1/2014,1.81,17,"1,370","3,140","38,000",28,950,"1,620",7,0,,
43,December,2014,12/17/2014,3.48,15,550,"1,450","22,000",34,740,"1,280",6,0,,
44,December,2014,12/30/2014,3.18,15,640,"1,670","26,000",42,880,"1,540",6,0,,
45,January,2015,1/12/2015,2.87,17,"1,160","2,250","31,000",60,"1,120","2,450",7,0,,
46,January,2015,1/23/2015,2.00,14,"1,570","2,400","33,000",37,380,910,6,0,,
47,January,2015,1/26/2015,2.14,13,"1,340","2,650","28,000",46,430,"1,170",5,0,,
48,February,2015,2/4/2015,2.54,15,"1,740","2,250","22,000",38,320,980,3,42,,
49,March,2015,3/9/2015,3.82,18,"2,870","3,240","25,000",26,540,860,8,64,,
50,March,2015,3/13/2015,1.83,15,"3,120","5,430","32,000",54,650,"1,120",16,31,,
51,March,2015,3/27/2015,2.02,15,"2,780","4,980","26,000",47,470,960,14,34,,
52,April,2015,4/8/2015,2.50,18,"2,240","2,360","27,000",46,270,840,13,42,,
53,April,2015,4/10/2015,3.41,15,"2,550","3,420","32,000",32,320,"1,260",16,57,,
54,April,2015,4/19/2015,1.83,11,"1,470","1,840","18,000",22,240,680,8,31,,
55,April,2015,4/20/2015,3.84,18,"1,240","1,630","23,000",18,430,760,5,64,,
56,April,2015,4/20/2015,3.22,15,"1,150","1,420","19,000",16,370,590,8,54,,
57,April,2015,4/20/2015,3.03,15,"2,850","3,160","18,000",15,350,610,11,0,,
58,April,2015,4/20/2015,2.64,18,960,"1,280","22,000",22,450,820,7,0,,
59,April,2015,4/20/2015,3.54,15,870,"1,140","18,000",17,330,620,6,59,,
60,May ,2015,5/15/2015,1.95,9,"1,340","2,150","22,000",16,190,530,8,33,,
61,May ,2015,5/17/2015,4.25,18,"2,630","3,480","38,000",36,"1,240","1,760",22,71,,
62,May,2015,5/17/2015,5.62,15,"1,850","3,270","54,000",44,970,"1,320",28,94,,
63,May,2015,5/18/2015,3.81,15,"2,830","3,780","48,000",28,650,"1,130",19,64,,
64,May,2015,5/19/2015,3.45,18,"1,740","2,630","32,000",16,820,"1,250",32,58,,
65,May,2015,5/19/2015,3.34,15,"2,780","3,250","37,000",32,"1,140","1,960",24,56,,
66,June,2015,6/1/2015,2.54,15,"1,260","1,830","56,000",56,"1,230","2,140",26,42,,
67,June,2015,6/9/2015,4.66,18,"2,340","3,460","48,000",42,"1,620","1,840",36,78,,
68,June,2015,6/9/2015,3.39,15,"3,240","4,360","33,000",23,"1,430","1,760",24,57,,
69,June,2015,6/9/2015,3.17,15,940,"1,220","35,000",18,840,960,9,53,,
70,June,2015,6/9/2015,3.15,18,830,"1,150","37,000",26,920,"1,050",16,53,,
71,June,2015,6/9/2015,3.83,15,960,"1,190","33,000",22,730,940,22,0,,
72,June,2015,6/10/2015,4.78,15,870,"1,040","32,000",24,820,960,17,80,,
73,June,2015,6/10/2015,3.85,18,920,"1,290","34,000",26,930,"1,020",13,0,,
74,June,2015,6/10/2015,4.48,15,"1,130","1,370","38,000",29,"1,270","1,450",14,0,,
75,June,2015,6/10/2015,4.18,15,"1,060","1,250","37,000",27,"1,340","1,420",21,0,,
76,June,2015,6/10/2015,3.38,18,740,930,"34,000",19,"1,130","1,340",15,0,,
77,June,2015,6/10/2015,3.83,15,950,"1,220","35,000",21,"1,370","1,430",13,0,,
78,June,2015,6/12/2015,3.95,15,"2,340","3,250","65,000",45,"2,730","3,340",18,0,,
79,June,2015,6/15/2015,2.44,18,"2,660","3,420","72,000",37,"2,430","3,170",16,41,,
80,June,2015,6/18/2015,2.85,15,"2,430","3,120","68,000",35,"2,370","2,820",22,48,,
81,June,2015,6/24/2015,3.43,15,"2,690","3,370","82,000",29,"1,910","2,180",32,57,,
82,June,2015,6/24/2015,4.28,18,"1,540","1,780","45,000",24,"1,830","1,990",18,71,,
83,June,2015,6/24/2015,3.94,15,"1,240","1,450","37,000",31,"1,650","1,780",21,66,,
84,June,2015,6/28/2015,3.38,15,"2,870","3,560","68,000",36,"2,140","2,450",34,56,,
85,June,2015,6/28/2015,3.45,18,"2,450","3,240","74,000",41,"2,320","2,750",19,58,,
86,June,2015,6/29/2015,3.93,15,"1,830","2,240","36,000",28,"1,630","2,450",14,66,,
87,July,2015,7/7/2015,4.07,15,"2,360","3,120","82,000",32,"1,840","2,950",22,68,,
88,July,2015,7/8/2015,3.03,18,"2,640","3,520","68,000",28,"1,460","2,630",16,51,,
89,July,2015,7/14/2015,3.52,15,"2,840","3,360","65,000",41,"1,690","2,580",25,59,,
90,July,2015,7/14/2015,3.51,15,"2,640","3,120","76,000",38,"2,130","2,760",27,59,,
91,July,2015,7/27/2015,3.68,18,"3,070","4,250","82,000",26,"1,770","2,540",18,61,,
92,July,2015,7/29/2015,3.40,15,"2,820","3,740","75,000",31,"2,400","2,940",20,57,,
93,August,2015,8/4/2015,3.72,15,"2,640","3,250","68,000",26,"1,860","2,730",17,62,,
94,August,2015,8/18/2015,1.84,9,870,980,"34,000",13,750,930,56,31,,
95,August,2015,8/21/2015,3.00,15,"3,220","3,460","67,000",36,"2,170","2,450",32,50,,
96,August,2015,8/25/2015,4.33,18,"1,980","2,190","48,000",21,"1,600","1,840",22,72,,
97,August,2015,8/25/2015,4.30,15,410,540,"3,000",16,250,330,6,0,,
98,August,2015,8/26/2015,3.39,15,640,780,"32,000",18,350,560,3,0,,
99,September,2015,9/11/2015,4.08,18,"2,730","3,140","54,000",45,"2,430","2,680",17,0,,
100,September,2015,9/11/2015,3.62,15,"1,360","1,570","26,000",25,"1,420","1,570",13,0,,
101,September,2015,9/22/2015,2.40,7,760,"1,030","24,000",16,780,"1,340",12,0,,
102,September,2015,9/30/2015,4.24,18,"1,240","1,460","46,000",43,860,920,7,0,,
103,September,2015,9/30/2015,3.31,15,800,920,"32,000",26,270,450,8,55,,
104,October,2015,10/12/2015,2.90,15,"2,540","2,780","42,000",54,"2,230","3,140",16,0,,
105,October,2015,10/27/2015,2.46,18,"2,130","2,560","34,000",43,"1,970","2,430",23,41,,
106,October,2015,10/31/2015,2.89,15,"2,670","2,820","36,000",35,"2,450","2,830",33,48,,
107,November,2015,11/20/2015,4.46,15,"1,940","2,230","28,000",47,"2,960","3,320",27,0,,
108,December,2015,12/2/2015,3.42,18,"2,140","2,570","19,000",62,"3,100","3,540",15,0,,
109,December,2015,12/2/2015,3.56,15,"1,960","2,340","21,000",56,"3,300","4,120",21,0,,
110,December,2015,12/23/2015,1.92,12,"1,640","2,150","32,000",32,"2,430","2,660",9,32,,
111,December,2015,12/24/2015,2.90,18,"1,850","2,670","33,000",36,"2,770","3,240",13,48,,
112,December,2015,12/26/2015,3.24,15,"2,370","3,240","24,000",42,"1,830","2,250",22,54,,
113,December,2015,12/26/2015,4.41,15,"2,530","3,300","41,000",47,"2,190","3,540",17,74,,
114,December,2015,12/26/2015,3.39,18,"2,720","3,690","23,000",22,"2,520","3,360",27,57,,
115,December,2015,12/26/2015,3.27,15,"2,250","3,180","37,000",63,"2,740","2,840",8,55,,
116,January,2016,1/10/2016,3.60,15,"3,240","4,160","28,000",54,"1,360","2,580",17,60,,
117,February,2016,2/2/2016,4.06,18,"3,530","4,620","24,000",62,"1,850","2,210",14,68,,
118,February,2016,2/3/2016,2.11,15,"2,340","3,870","31,000",46,"2,130","2,680",21,35,,
119,February,2016,2/5/2016,3.01,15,"2,460","3,640","27,000",38,"1,920","2,390",26,50,,
120,February,2016,2/17/2016,3.41,18,"1,340","1,680","24,000",22,"1,530","1,940",6,57,,
121,February,2016,2/19/2016,3.66,15,950,"1,120","21,000",32,"1,370","1,640",4,61,,
122,February,2016,2/25/2016,4.51,15,"2,240","3,150","36,000",46,"2,450","3,140",16,75,,
123,March ,2016,3/1/2016,2.89,18,"3,050","3,270","29,000",24,"1,740","2,250",24,48,,
124,March,2016,3/11/2016,2.89,15,"1,630","1,820","18,000",37,"2,150","2,390",23,48,,
125,March,2016,3/12/2016,2.51,15,"1,120","1,460","17,000",43,"2,270","2,490",18,42,,
126,March,2016,3/15/2016,3.58,18,"3,340","3,640","45,000",48,"3,450","3,740",46,60,,
127,March,2016,3/29/2016,3.41,15,"3,560","3,740","43,000",53,"3,320","3,570",38,57,,
128,April,2016,4/8/2016,2.79,15,"2,460","3,150","38,000",46,"3,540","3,840",24,47,,
129,April,2016,4/30/2016,4.21,18,"3,860","4,240","47,000",18,"3,200","3,470",36,70,,
130,April,2016,4/30/2016,4.88,15,"3,230","3,640","52,000",27,"3,750","3,940",42,81,,
131,April,2016,4/30/2016,4.47,15,"3,760","4,150","45,000",40,"2,840","3,270",23,75,,
132,April,2016,4/30/2016,3.29,18,"3,640","3,520","52,000",33,"2,530","2,940",34,55,,
133,May ,2016,5/7/2016,4.16,15,"4,230","4,620","53,000",34,"2,727","3,360",38,69,,
134,May,2016,5/12/2016,2.93,15,"3,590","3,840","47,000",42,"1,760","2,640",26,49,,
135,May ,2016,5/31/2016,2.37,18,"3,740","4,120","56,000",65,"1,680","2,530",32,40,,
136,June,2016,6/15/2016,2.57,15,"4,200","4,630","38,000",53,"1,480","1,760",43,43,,
137,June,2016,6/16/2016,2.39,15,"3,840","3,990","41,000",32,"1,540","2,030",38,40,,
138,June,2016,6/21/2016,3.98,15,"4,350","4,120","45,000",42,"1,630","2,140",24,66,,
139,June,2016,6/22/2016,3.47,15,"3,960","3,720","52,000",38,"1,870","2,200",35,58,,
140,June,2016,6/24/2016,3.97,18,"4,150","3,970","48,000",41,"1,530","1,700",26,66,,
141,June,2016,6/30/2016,3.12,18,"4,450","4,310","58,000",43,"2,130","2,410",29,52,,
142,July,2016,7/1/2016,3.17,15,"3,460","3,820","43,000",38,"2,240","2,670",31,53,,
143,July,2016,7/13/2016,2.12,15,"2,850","3,120","52,000",53,"1,930","2,150",28,35,,
144,July,2016,7/23/2016,2.31,18,"3,560","3,780","65,000",33,"2,460","2,520",34,39,,
145,July,2016,7/28/2016,3.16,15,"4,130","4,360","52,000",54,"2,610","2,900",26,53,,
146,July,2016,7/29/2016,4.02,15,"4,350","4,600","55,000",34,"2,430","2,780",38,67,,
147,July,2016,7/29/2016,3.26,18,"4,420","4,850","65,000",48,"2,340","2,580",25,54,,
148,July,2016,7/31/2016,3.82,15,"2,130","2,240","35,000",45,"1,830","2,140",16,64,,
149,July,2016,7/31/2016,4.88,15,"2,450","2,500","32,000",33,"1,950","2,070",24,81,,
150,August,2016,8/4/2016,5.05,18,"2,300","2,260","16,000",28,"1,360","1,650",15,84,,
151,August,2016,8/16/2016,2.79,15,"2,850","3,120","34,000",42,"2,100","2,630",31,47,,
152,August,2016,8/17/2016,3.47,15,"2,640","2,900","38,000",37,"2,340","2,760",22,58,,
153,August,2016,8/19/2016,4.01,18,"3,250","3,570","42,000",56,"2,700","3,020",28,67,,
154,August,2016,8/24/2016,3.18,15,"2,530","2,740","52,000",38,"2,810","3,150",32,53,,
155,September,2016,9/2/2016,3.13,15,"2,780","2,640","38,000",21,"2,130","2,830",15,52,,
156,September,2016,9/7/2016,2.43,18,"2,740","3,360","24,000",32,"2,210","2,490",28,41,,
157,September,2016,9/19/2016,3.08,15,"2,530","3,460","21,000",38,"2,300","2,760",33,51,,
158,October,2016,10/9/2016,2.90,15,"1,876","3,990","27,600",10,"1,240","1,980",11,48,,
159,October,2016,10/27/2016,3.00,18,"2,340","3,150","19,000",46,"2,470","2,810",37,50,,
160,November,2016,11/17/2016,2.01,15,"2,244","4,358","27,000",64,"3,400","3,700",22,34,,
161,November,2016,11/29/2016,1.98,15,"2,980","4,460","36,000",18,"1,880","1,610",11,33,,
162,November,2016,11/30/2016,2.75,18,"3,460","5,840","16,000",42,"3,260","3,430",34,46,,
163,December,2016,12/1/2016,3.41,15,"1,840","4,760","23,000",43,"3,470","3,800",6,57,,
164,December,2016,12/6/2016,2.55,15,"1,360","3,850","34,000",39,"2,340","4,220",24,43,,
165,December,2016,12/16/2016,1.74,18,"1,880","2,890","26,000",59,"2,100","4,040",20,29,,
166,December,2016,1/2/2017,2.13,15,"2,460","2,740","32,000",48,"3,250","4,430",15,36,,
167,January,2017,1/19/2017,2.43,15,"2,260","2,780","28,000",36,"2,870","3,640",22,41,,
168,February,2017,2/26/2017,2.32,18,"2,890","2,460","30,000",22,"2,610","3,250",19,39,,
169,February,2017,2/26/2017,3.72,15,"2,140","1,870","15,000",23,"2,040","2,450",12,62,,
170,March ,2017,3/30/2017,2.14,15,"2,570","2,930","23,000",28,"2,650","2,910",14,36,,
171,March ,2017,3/31/2017,2.74,18,"2,030","2,340","14,000",18,"1,960","2,150",18,46,,
172,March ,2017,3/31/2017,2.63,15,"1,940","2,170","12,000",15,"1,820","1,980",10,44,,
173,March ,2017,3/31/2017,2.09,15,"1,870","2,040","11,000",13,"1,950","2,210",6,35,,
174,April,2017,4/1/2017,2.67,18,"1,920","2,130","13,000",21,"2,230","2,590",8,45,,
175,April,2017,4/1/2017,2.67,18,"1,920","2,130","13,000",21,"2,230","2,590",8,45,,
176,April,2017,4/6/2017,3.55,15,"2,230","2,540","2,000",16,"1,480","1,670",5,59,,
177,April,2017,4/6/2017,3.89,18,980,"1,120","3,000",14,"1,500","1,730",3,65,,
178,April,2017,4/6/2017,3.59,15,650,720,"2,000",10,"1,140","1,450",5,60,,
179,April,2017,4/6/2017,3.13,15,430,560,"4,000",9,870,990,7,52,,
180,April,2017,4/6/2017,3.33,18,390,460,"2,000",8,720,850,2,56,,
181,April,2017,4/7/2017,3.11,15,490,510,"3,000",11,"1,020","1,110",7,52,,
182,April,2017,4/7/2017,3.04,15,210,340,"2,000",12,890,"1,040",3,51,,
183,April,2017,4/7/2017,3.21,18,560,670,"2,000",15,920,"1,080",4,54,,
184,April,2017,4/7/2017,4.08,15,470,560,"3,000",12,780,820,5,68,,
185,April,2017,4/7/2017,3.26,15,390,450,"2,000",8,830,990,8,54,,
186,April,2017,4/8/2017,3.36,18,460,620,"1,000",9,790,830,10,56,,
187,April,2017,4/8/2017,3.62,15,530,670,"2,000",13,"1,120","1,340",5,60,,
188,April,2017,4/8/2017,4.27,15,460,530,"1,000",12,820,"1,030",7,71,,
189,April,2017,4/8/2017,4.01,18,340,510,"2,000",10,730,910,5,67,,
190,April,2017,4/8/2017,3.88,15,360,490,"1,000",15,820,950,8,65,,
191,April,2017,4/21/2017,4.67,15,"2,540","2,330","12,000",32,"2,450","2,670",10,78,,
192,May ,2017,5/5/2017,3.53,18,"2,870","3,140","16,000",21,"3,460","3,720",11,59,,
193,May ,2017,5/5/2017,4.07,15,"2,230","2,820","14,000",19,"3,250","3,890",14,68,,
194,May ,2017,5/6/2017,3.93,15,"2,340","2,530","15,000",18,"2,890","3,100",12,66,,
195,May ,2017,5/11/2017,2.59,18,"2,560","2,430","18,000",16,"3,120","3,240",8,43,,
196,May ,2017,5/11/2017,3.81,15,"2,340","2,250","19,000",22,"2,830","3,020",5,64,,
197,May ,2017,5/22/2017,3.30,15,"2,480","2,320","14,000",21,"2,990","3,120",9,55,,
198,May ,2017,5/22/2017,3.84,18,"2,540","2,410","15,000",16,"1,980","2,230",5,64,,
199,May ,2017,5/26/2017,4.10,15,"2,980","2,830","17,000",18,"2,590","2,730",14,68,,
200,June,2017,6/21/2017,4.10,18,"3,250","2,980","21,000",23,"3,460","3,640",12,68,,
201,June,2017,6/21/2017,2.52,15,"3,340","3,120","26,000",16,"2,640","3,010",8,42,,
202,June,2017,6/27/2017,1.95,15,"2,850","2,560","17,000",21,"2,430","2,790",7,33,,
203,July,2017,7/3/2017,3.58,18,"3,220","3,140","23,000",24,"2,870","3,160",18,60,,
204,July,2017,7/3/2017,1.50,15,"2,110","1,920","14,000",32,"1,780","2,140",11,25,,
205,July,2017,7/12/2017,3.63,15,"3,670","3,240","32,000",34,"3,020","3,560",22,61,,
206,July,2017,7/27/2017,2.21,18,"2,890","2,710","11,000",20,"2,890","3,250",13,37,,
207,July,2017,7/28/2017,4.04,15,"1,460","1,250","9,000",12,"1,120","1,540",21,67,,
208,August,2017,8/2/2017,3.87,15,"3,240","3,120","18,000",27,"2,780","3,170",14,65,,
209,August,2017,8/4/2017,3.68,18,"3,530","3,240","26,000",25,"3,250","3,590",9,61,,
210,August,2017,8/7/2017,2.17,15,"2,760","2,500","19,000",31,"2,230","2,740",6,36,,
211,August,2017,8/11/2017,2.10,15,"2,980","2,740","22,000",28,"2,640","2,930",13,35,,
212,August,2017,8/18/2017,3.70,18,"2,430","2,010","27,000",36,"2,910","3,310",11,62,,
213,August,2017,8/19/2017,3.39,15,"1,500","1,390","12,000",42,600,750,6,57,,
214,August,2017,8/19/2017,3.14,15,"1,270","1,140","9,000",13,780,890,8,52,,
215,August,2017,8/19/2017,3.54,18,"1,340","1,180","13,000",31,630,"1,250",5,59,,
216,September,2017,9/12/2017,3.07,18,"2,780","2,540","11,000",21,"1,460","1,870",6,51,,
217,September,2017,9/25/2017,2.15,15,"2,910","2,890","14,000",32,"1,870","2,140",12,36,,
218,October,2017,10/11/2017,2.76,15,"2,760","2,450","11,000",24,"1,640","2,350",8,46,,
219,October,2017,10/25/2017,2.76,18,"2,950","2,780","10,000",29,"1,780","2,130",7,46,,
220,November,2017,11/14/2017,2.38,15,"2,550","2,870","12,000",23,"1,640","2,210",13,40,,
221,November,2017,11/15/2017,2.02,15,"2,720","2,980","11,000",32,"1,870","2,340",11,34,,
222,January,2018,1/15/2018,2.17,15,"2,540","3,160","15,000",28,"2,220","2,560",12,36,,
223,January,2018,1/25/2018,2.08,15,"2,370","2,790","21,000",12,"1,540","2,760",8,35,,
224,February,2018,2/5/2018,3.12,18,"2,250","3,120","18,000",16,"1,630","2,800",6,52,,
225,February,2018,2/5/2018,2.45,15,"1,260","1,670","22,000",9,870,"1,580",4,41,,
226,February,2018,2/5/2018,3.72,15,950,"1,470","16,000",11,920,"1,340",6,62,,
227,February,2018,2/6/2018,4.00,18,"1,020","1,590","14,000",7,"1,110","1,850",12,67,,
228,February,2018,2/11/2018,3.54,15,"2,250","2,560","24,000",18,"1,430","2,260",14,59,,
229,February,2018,2/11/2018,3.19,15,"1,130","1,470","12,000",10,650,"1,400",5,53,,
230,February,2018,2/11/2018,4.51,18,"1,240","1,510","11,000",6,710,"1,390",4,75,,
231,February,2018,2/13/2018,2.97,15,"1,950","2,130","16,000",3,"1,050","1,670",8,50,,
232,February,2018,2/13/2018,3.78,15,"1,460","1,620","12,000",5,630,"1,320",3,63,,
233,March,2018,3/6/2018,2.66,15,"2,210","2,650","18,000",11,"1,420","1,710",7,44,,
234,March,2018,3/6/2018,2.64,15,"2,470","2,810","19,000",13,"1,540","1,980",10,44,,
235,April,2018,4/16/2018,4.30,15,"2,150","2,300","23,000",16,"1,320","2,070",12,72,,
236,April,2018,4/16/2018,2.91,15,970,"1,100","8,000",2,300,800,1,49,,
237,April,2018,4/16/2018,3.62,15,840,920,"7,000",3,290,650,4,60,,
238,April,2018,4/16/2018,2.40,12,790,910,"8,000",4,260,590,2,40,,
239,April,2018,4/17/2018,3.19,15,750,830,"6,000",3,190,400,4,53,,
240,April,2018,4/17/2018,3.03,15,810,890,"5,000",4,200,450,3,51,,
241,April,2018,4/17/2018,3.26,15,790,"1,020","6,000",3,150,500,4,54,,
242,April,2018,4/17/2018,3.04,15,670,840,"7,000",2,230,620,3,51,,
243,April,2018,4/18/2018,3.09,15,710,910,"7,000",4,310,780,4,52,,
244,April,2018,4/18/2018,2.72,15,730,840,"6,000",6,280,640,2,45,,
245,April,2018,4/18/2018,3.65,15,820,980,"7,000",5,170,590,5,61,,
246,April,2018,4/18/2018,3.38,15,760,870,"6,000",3,240,720,1,56,,
247,April,2018,4/18/2018,3.44,15,670,780,"6,000",7,310,810,3,57,,
248,April,2018,4/18/2018,2.57,15,730,850,"6,000",2,110,570,2,43,,
249,April,2018,4/20/2018,3.36,15,750,870,"7,000",4,230,730,4,56,,
250,April,2018,4/20/2018,2.72,15,820,910,"8,000",3,190,610,2,45,,
251,April,2018,4/26/2018,3.81,15,"1,580","1,870","12,000",12,980,"1,560",3,64,,
252,May,2018,5/12/2018,3.36,15,"2,130","2,340","11,000",9,"1,140","2,140",4,56,,
253,May,2018,5/14/2018,4.29,15,"2,350","2,130","14,000",5,600,"2,350",5,72,,
254,May,2018,5/14/2018,4.29,15,"2,460","2,370","17,000",3,740,"2,570",3,72,,
255,May,2018,5/16/2018,4.00,15,"1,220","1,360","8,000",4,350,780,2,67,,
256,May,2018,5/16/2018,3.25,15,950,890,"7,000",3,250,"1,010",3,54,,
257,May,2018,5/16/2018,1.60,15,400,320,"4,000",2,210,780,0,27,,
258,May,2018,5/17/2018,3.62,15,"1,050","1,170","6,000",4,470,970,2,60,,
259,May,2018,5/28/2018,3.19,15,"1,480","1,560","8,000",3,"1,360","2,340",3,53,,
260,May,2018,5/28/2018,2.86,15,"1,300","1,230","7,000",6,"1,130","2,140",2,48,,
261,May,2018,5/28/2018,4.10,15,"1,650","1,490","9,000",2,820,"1,930",1,68,,
262,May,2018,5/31/2018,3.38,15,"2,130","2,240","11,000",9,650,"2,350",2,56,,
263,June,2018,6/3/2018,3.35,15,"2,340","2,580","12,000",11,"1,130","1,760",5,56,,
264,June,2018,6/3/2018,3.17,15,"1,890","2,130","14,000",6,870,"1,590",4,53,,
265,June,2018,6/5/2018,4.19,15,"1,420","1,650","8,000",3,590,"1,020",3,70,,
266,June,2018,6/5/2018,2.60,15,"1,280","1,330","9,000",3,630,"1,170",2,43,,
267,June,2018,6/5/2018,4.15,15,"1,140","1,290","7,000",2,570,"1,340",4,69,,
268,June,2018,6/12/2018,4.23,15,870,950,"11,000",6,890,"1,220",2,71,,
269,June,2018,6/12/2018,4.15,15,940,"1,130","10,000",8,760,"1,430",8,69,,
270,June,2018,6/12/2018,4.44,15,620,730,"5,000",4,810,"1,020",3,74,,
271,June,2018,6/28/2018,3.12,15,"1,560","1,780","13,000",5,"1,240","1,750",2,52,,
272,June,2018,6/29/2018,0.96,15,"1,720","1,980","12,000",4,"1,110","1,500",2,16,,
273,July,2018,7/18/2018,2.99,15,"1,890","1,630","13,000",8,850,"1,290",3,50,,
274,July,2018,7/22/2018,3.49,15,"1,760","1,830","10,000",10,790,"1,340",1,58,,
275,July,2018,7/24/2018,4.39,15,890,"1,020","8,000",4,340,710,5,73,,
276,July,2018,7/24/2018,3.57,15,710,850,"6,000",2,410,820,3,60,,
277,July,2018,7/24/2018,3.79,15,620,540,"4,000",2,370,560,1,63,,
278,July,2018,7/24/2018,4.24,15,780,670,"5,000",3,50,720,2,71,,
279,July,2018,7/25/2018,3.49,15,540,430,"8,000",6,410,910,7,58,,
280,July,2018,7/25/2018,4.16,15,670,720,"7,000",4,360,840,4,69,,
281,July,2018,7/26/2018,3.17,15,820,540,"6,000",8,430,750,5,53,,
282,July,2018,7/28/2018,3.31,15,540,650,"10,000",5,500,690,1,55,,
283,July,2018,7/28/2018,3.32,15,730,670,"7,000",6,290,"1,020",7,55,,
284,July,2018,7/28/2018,3.98,15,910,790,"5,000",9,370,560,2,66,,
285,July,2018,7/28/2018,3.84,15,710,630,"8,000",2,300,730,3,64,,
286,August,2018,8/9/2018,3.31,15,"1,750",990,"11,000",6,910,"1,650",6,55,,
287,August,2018,8/14/2018,4.62,18,"1,320","1,010","4,900",14,"1,260",920,1,77,,
288,August,2018,8/14/2018,3.74,15,"2,740","1,130","6,700",29,"2,100","1,340",9,62,,
289,August,2018,8/14/2018,3.27,15,"1,120",790,"4,000",4,"1,050","1,160",0,55,,
290,August,2018,8/14/2018,3.04,18,"2,100",980,"3,000",12,940,990,2,51,,
291,September,2018,9/1/2018,2.43,15,"3,110","1,420","6,500",38,990,"1,620",14,41,,
292,September,2018,9/1/2018,3.35,15,"1,200",880,"5,000",9,"1,210","1,500",11,56,,
293,September,2018,9/9/2018,3.50,15,"1,390",870,"7,200",18,560,"2,100",6,58,,
294,September,2018,9/9/2018,4.25,18,940,600,"2,500",6,470,860,0,71,,
295,September,2018,9/10/2018,3.77,15,"1,220",940,"5,000",12,850,"1,100",4,63,,
296,September,2018,9/16/2018,2.26,15,"1,960","1,070","7,000",31,"1,000","1,570",9,38,,
297,September,2018,9/25/2018,3.09,18,"2,150",950,"8,000",19,490,"1,410",16,52,,
298,September,2018,9/25/2018,2.95,15,"2,380","1,250","7,500",22,"1,500","1,860",14,49,,
299,October,2018,10/4/2018,3.28,15,"1,440",800,"4,000",11,"1,700","2,100",8,55,,
300,October,2018,10/4/2018,3.10,18,"1,080",610,"6,000",26,820,"1,640",8,52,,
301,October,2018,10/19/2018,3.04,15,"1,840",710,"8,000",38,"1,050","1,820",11,51,,
302,November,2018,11/4/2018,3.11,15,"2,100","1,420","5,500",12,880,980,6,52,,
303,November,2018,11/4/2018,2.26,15,"1,500","1,040","4,000",8,"1,210","1,440",4,38,,
304,November,2018,11/4/2018,3.46,15,660,560,"3,000",4,700,840,0,58,,
305,November,2018,11/4/2018,4.54,18,590,540,"2,000",14,390,880,4,76,,
306,November,2018,11/19/2018,3.19,15,"1,200","1,140","6,500",21,"1,100","1,660",9,53,,
307,November,2018,11/25/2018,3.17,15,"2,610","1,600","6,000",28,940,"1,650",14,53,,
308,November,2018,11/25/2018,2.78,18,"1,820","1,880","5,000",8,800,"1,220",2,46,,
309,November,2018,11/25/2018,2.77,15,"1,080","1,640","6,000",14,640,980,0,46,,
310,November,2018,11/30/2018,3.26,15,790,"1,000","5,500",31,"1,080","1,140",6,54,,
311,December,2018,12/17/2018,3.53,18,"1,240",990,"4,000",20,840,"1,200",8,59,,
312,December,2018,12/20/2018,3.38,15,780,940,"3,000",10,550,840,8,56,,
313,December,2018,12/20/2018,2.96,15,480,500,"1,500",18,400,300,0,49,,
314,December,2018,12/20/2018,3.62,15,300,440,"2,000",10,250,400,4,60,,
315,January,2019,1/23/2019,2.50,15,990,"1,640","4,500",6,990,"1,230",13,42,,
316,January,2019,1/23/2019,3.07,15,"1,110","1,940","6,000",21,"1,010",750,17,51,,
317,February,2019,2/12/2019,2.33,15,580,890,"3,400",0,750,"1,100",2,39,,
318,February,2019,2/12/2019,3.24,15,"2,200","2,750","4,600",4,"1,400","1,750",11,54,,
319,March,2019,3/5/2019,2.52,15,"1,900","3,300","6,600",14,790,"1,250",14,42,,
320,March,2019,3/5/2019,2.27,14,"2,800","2,700","8,400",5,800,"1,400",9,38,,
321,March,2019,3/22/2019,3.06,15,840,"1,050","3,500",3,450,840,0,51,,
322,March,2019,3/22/2019,3.33,15,680,880,"2,400",4,240,650,6,56,,
323,March,2019,3/22/2019,3.03,15,300,500,"2,000",0,425,750,6,51,,
324,March,2019,3/23/2019,2.60,15,240,450,"1,200",2,350,600,3,43,,
325,April,2019,4/13/2019,2.26,15,"1,015",990,"5,600",6,510,775,11,38,,
326,April,2019,4/18/2019,3.52,15,"2,150","2,200","6,450",11,780,"1,020",14,59,,
327,April,2019,4/18/2019,3.84,15,580,480,"3,100",3,250,230,4,64,,
328,April,2019,4/24/2019,3.57,15,"1,400","1,760","5,500",5,"1,040","1,200",8,60,,
329,April,2019,4/30/2019,5.10,15,800,450,"2,400",2,240,350,1,85,,
330,April,2019,4/30/2019,3.53,15,"1,110","1,460","7,200",12,500,580,4,59,,
331,May,2019,5/11/2019,3.04,15,"1,980","2,100","4,400",6,660,680,8,51,,
332,May,2019,5/11/2019,3.07,15,"1,040","1,240","3,200",14,780,"1,040",14,51,,
333,May,2019,5/13/2019,3.23,15,940,"1,400","5,990",10,"1,000",780,9,54,,
334,May,2019,5/13/2019,3.73,15,600,450,"1,200",3,240,350,4,62,,
335,May,2019,5/13/2019,3.38,15,460,840,980,4,180,250,4,56,,
336,May,2019,5/13/2019,2.92,15,980,"1,200","2,400",18,640,800,14,49,,
337,May,2019,5/15/2019,2.83,15,"1,880","2,440","4,200",10,990,460,22,47,,
338,May,2019,5/15/2019,2.76,15,900,"1,300","3,800",4,480,660,6,46,,
339,May,2019,5/28/2019,2.51,15,"1,740","2,000","6,400",13,600,780,9,42,,
340,May,2019,5/28/2019,2.72,15,"1,140","1,080","5,400",16,900,"1,080",10,45,,
341,May,2019,5/31/2019,3.19,15,"2,040","1,250","6,600",17,860,"1,480",8,53,,
342,June,2019,6/12/2019,3.23,15,"2,800","2,200","7,800",14,"1,050","2,000",17,54,,
343,June,2019,6/12/2019,3.08,15,"1,800","2,240","6,300",11,600,"1,450",8,51,,
344,June,2019,6/17/2019,3.02,15,"3,300","2,400","8,000",18,500,"1,600",16,50,,
345,July,2019,7/3/2019,2.08,15,"1,880","1,640","7,200",22,800,"1,380",11,35,,
346,July,2019,7/3/2019,2.03,15,"2,000","1,100","5,000",18,400,"1,500",8,34,,
347,July,2019,7/6/2019,2.48,15,"2,680",980,"4,400",34,560,980,20,41,,
348,July,2019,7/6/2019,3.34,15,950,650,"3,400",4,280,680,7,56,,
349,July,2019,7/6/2019,2.69,15,"3,700","1,500","5,800",12,600,"1,100",8,45,,
350,July,2019,7/6/2019,2.57,15,"1,900",840,"8,800",18,880,"1,400",18,43,,
351,July,2019,7/9/2019,3.45,15,"3,600",980,"8,400",18,680,"1,440",14,58,,
352,July,2019,7/9/2019,2.25,15,"2,400","1,100","9,400",38,380,"2,040",22,38,,
353,July,2019,7/13/2019,2.48,15,"4,400","1,800","7,200",11,660,"1,340",12,41,,
354,July,2019,7/13/2019,3.13,15,980,210,"1,000",0,360,740,4,52,,
355,July,2019,7/13/2019,2.65,15,"1,980",800,"4,400",12,440,"1,800",14,44,,
356,July,2019,7/19/2019,3.96,15,"3,600","1,400","6,800",8,280,"1,600",32,66,,
357,August,2019,8/2/2019,2.61,15,"2,200",680,"5,000",24,740,"1,380",10,44,,
358,August,2019,8/2/2019,3.82,15,"2,800",980,"4,800",12,360,640,4,64,,
359,August,2019,8/8/2019,2.66,15,"4,200","1,400","7,800",32,240,"1,310",14,44,,
360,August,2019,8/24/2019,4.25,15,800,360,"1,800",0,100,240,0,71,,
361,August,2019,8/24/2019,2.96,15,"1,400",720,"2,200",4,180,540,6,49,,
362,August,2019,8/24/2019,4.00,15,"1,800",980,"3,600",8,88,980,13,67,,
363,August,2019,8/24/2019,3.17,15,"2,210",950,"5,000",24,120,960,21,53,,
364,October,2019,10/18/2019,3.07,15,980,800,"2,200",6,840,"1,100",4,51,,
365,October,2019,10/18/2019,2.41,15,"2,800","2,020","6,500",10,660,"1,200",12,40,,
366,October,2019,10/18/2019,3.21,15,"1,900","1,200","6,600",22,800,"2,100",16,54,,
367,October,2019,10/25/2019,3.25,15,"2,780","2,100","7,200",16,940,"1,980",28,54,,
368,October,2019,10/28/2019,3.43,15,"2,440","2,000","5,300",10,350,"1,400",12,57,,
369,October,2019,10/28/2019,3.28,15,"3,400","1,880","7,800",12,480,"1,580",20,55,,
370,October,2019,10/28/2019,2.66,15,920,"1,240","4,800",0,240,560,4,44,,
371,October,2019,10/30/2019,2.98,15,"1,260","1,480","3,600",14,320,880,2,50,,
372,November,2019,11/2/2019,3.05,15,"1,980","1,550","4,900",8,180,560,12,51,,
373,November,2019,11/2/2019,2.23,15,"1,000","1,200","6,400",12,560,880,2,37,,
374,November,2019,11/4/2019,3.20,15,960,800,"5,500",4,340,"1,020",11,53,,
375,November,2019,11/4/2019,3.20,15,640,720,"3,400",0,210,400,4,53,,
376,November,2019,11/25/2019,3.58,15,860,980,"4,000",8,180,720,1,60,,
377,November,2019,11/25/2019,3.88,15,590,500,"1,200",0,88,190,0,65,,
378,November,2019,11/25/2019,2.25,15,"1,800","1,680","2,800",24,100,240,3,38,,
379,December,2019,12/6/2019,2.72,15,"3,600","3,200","7,000",8,420,"1,200",9,45,,
380,December,2019,12/20/2019,2.78,15,"2,300","2,400","8,400",9,360,"1,700",12,46,,
381,January,2020,1/18/2020,2.75,15,"3,900","2,100","12,500",15,750,"1,100",16,46,,
382,January,2020,1/18/2020,1.80,15,"2,900","1,800","10,400",8,850,"1,800",12,30,,
383,January,2020,1/19/2020,2.90,15,"1,850","1,100","9,800",12,550,980,8,48,,
384,January,2020,1/27/2020,2.54,15,"3,400","2,400","12,000",21,"1,040","1,450",6,42,,
385,January,2020,1/27/2020,2.18,15,980,900,"6,500",4,720,840,14,36,,
386,January,2020,1/27/2020,3.24,15,750,640,"5,400",8,440,640,2,54,,
387,January,2020,1/27/2020,3.07,15,500,440,"4,200",4,500,560,6,51,,
388,January,2020,1/30/2020,2.80,15,"3,200","2,400","9,600",14,980,"1,200",14,47,,
389,January,2020,1/30/2020,2.80,15,"3,800","2,700","9,400",12,660,980,10,47,,
390,February,2020,2/10/2020,1.90,15,"1,850",980,"8,000",2,880,"1,040",9,32,,
391,March,2020,3/2/2020,2.34,15,"2,800","2,000","7,200",18,420,800,16,39,,
392,March,2020,3/24/2020,2.15,15,980,900,"5,600",4,500,"1,000",7,36,,
393,March,2020,3/30/2020,3.86,15,"3,200","2,700","11,000",18,840,"1,040",11,64,,
394,April,2020,4/11/2020,3.98,15,"2,800","2,100","5,900",13,"1,050","1,640",6,66,,
395,April,2020,4/14/2020,4.62,15,"2,640","1,880","6,800",20,860,"1,200",14,77,,
396,April,2020,4/14/2020,3.36,15,"1,200",840,"2,000",0,460,800,8,56,,
397,April,2020,4/14/2020,2.91,15,510,490,"1,800",4,140,380,4,49,,
398,April,2020,4/15/2020,3.50,15,660,360,"1,700",7,100,340,4,58,,
399,April,2020,4/15/2020,3.13,15,480,290,"1,100",9,80,290,2,52,,
400,April,2020,4/23/2020,3.06,15,"2,900","2,200","5,500",11,400,"1,600",14,51,,
401,April,2020,4/25/2020,3.17,15,"2,300","1,200","4,200",22,480,980,19,53,,
402,May,2020,5/2/2020,4.22,15,"1,980","1,480","4,900",12,600,680,16,70,,
403,May,2020,5/2/2020,3.68,15,"1,040",880,"5,200",20,550,"1,040",22,61,,
404,May,2020,5/2/2020,4.00,15,900,600,"3,400",4,380,450,12,67,,
405,June,2020,6/6/2020,3.98,15,"3,400","2,400","4,000",8,280,"1,100",24,66,,
406,June,2020,6/6/2020,2.55,15,"1,800",850,"4,200",22,440,760,12,43,,
407,June,2020,6/19/2020,0.78,15,"3,000","2,700","5,800",12,300,900,10,13,,
408,June,2020,6/22/2020,3.04,15,"2,800","1,400","6,000",18,560,"1,010",10,51,,
409,June,2020,6/22/2020,3.00,15,950,750,"3,400",24,240,770,1,50,,
410,June,2020,6/24/2020,3.79,15,"3,800","2,100","4,300",13,450,960,14,63,,
411,June,2020,6/24/2020,3.84,15,800,880,"2,100",4,140,540,0,64,,
412,June,2020,6/24/2020,3.96,15,760,980,"1,800",2,80,280,4,66,,
413,June,2020,6/24/2020,3.29,15,540,320,"1,400",8,100,180,0,55,,
414,June,2020,6/24/2020,3.35,15,340,290,"2,100",2,74,310,2,56,,
415,June,2020,6/25/2020,3.44,15,600,340,"1,200",6,120,290,3,57,,
416,June,2020,6/25/2020,3.78,15,480,340,"1,300",14,200,340,6,63,,
417,July,2020,7/2/2020,2.93,15,"2,100","1,200","5,100",15,680,"1,020",11,49,,
418,July,2020,7/8/2020,3.34,15,"1,840","1,440","4,200",19,500,850,15,56,,
419,July,2020,7/13/2020,2.14,15,"1,100",980,"3,200",12,400,640,12,36,,
420,July,2020,7/24/2020,3.10,15,"2,650","1,300","4,900",18,690,900,8,52,,
421,July,2020,7/24/2020,3.05,15,"1,900",990,"3,750",14,500,750,19,51,,
422,July,2020,7/27/2020,3.11,15,900,660,"3,050",8,350,360,12,52,,
423,July,2020,7/27/2020,3.32,15,"1,880",950,"3,900",10,380,480,10,55,,
424,August,2020,8/3/2020,2.92,15,"1,240",880,"3,100",14,300,400,24,49,,
425,August,2020,8/11/2020,2.98,15,"3,000","2,250","5,000",20,800,"1,100",16,50,,
426,August,2020,8/11/2020,1.89,15,"2,300",900,"4,750",20,660,740,9,32,,
427,August,2020,8/18/2020,2.70,15,"1,400",840,"3,200",12,350,760,10,45,,
428,August,2020,8/26/2020,1.41,15,"2,050","1,250","4,400",16,280,680,16,24,,
429,September,2020,9/4/2020,3.52,15,"3,250","1,500","4,000",14,820,800,12,59,,
430,September,2020,9/4/2020,3.39,15,"2,100","1,420","3,200",10,680,650,20,57,,
431,September,2020,9/12/2020,2.36,15,"2,450","1,640","4,500",18,500,640,18,39,,
432,October,2020,10/1/2020,3.19,15,"4,050","2,500","6,400",21,480,"1,050",21,53,,
433,October,2020,10/30/2020,3.02,15,"3,800","2,200","5,200",18,750,900,24,50,,
434,October,2020,10/30/2020,2.98,15,"3,000","1,850","3,000",12,680,880,14,50,,
435,October,2020,10/31/2020,3.39,15,"2,200","1,200","3,200",12,300,480,8,57,,
436,November,2020,11/13/2020,4.29,15,"3,500","2,500","4,900",20,480,720,11,72,,
437,November,2020,11/13/2020,3.62,15,"1,800","1,000","3,300",8,280,640,8,60,,
438,November,2020,11/13/2020,2.45,15,"1,250",900,"2,200",10,300,480,9,41,,
439,December,2020,12/1/2020,2.92,15,"2,200",980,"5,600",21,500,840,14,49,,
440,December,2020,12/1/2020,3.07,15,"1,640",800,"4,100",10,280,480,21,51,,
441,December,2020,12/1/2020,2.42,15,"1,080",750,"3,800",14,360,380,18,40,,
442,December,2020,12/3/2020,3.11,15,"1,790","1,040","4,900",19,480,540,12,52,,
443,December,2020,12/3/2020,2.92,15,"2,080","1,100","5,200",24,280,640,16,49,,
444,December,2020,12/9/2020,1.94,15,"1,600",880,"3,800",24,360,480,21,32,,
445,December,2020,12/18/2020,3.02,15,"2,200","1,080","4,050",12,400,400,10,50,,
446,December,2020,12/26/2020,2.79,15,"2,000",980,"3,600",15,280,640,14,47,,
447,December,2020,12/26/2020,2.01,15,"1,200",780,"3,200",20,500,360,20,34,,
448,December,2020,12/26/2020,3.35,15,980,600,"2,800",21,280,480,8,56,,
449,December,2020,12/26/2020,3.34,15,800,640,"2,700",12,380,450,28,56,,
450,December,2020,12/26/2020,3.08,15,"1,200",720,"4,200",18,270,720,0,51,,
451,December,2020,12/30/2020,2.73,15,"1,800",780,"4,200",14,270,280,14,46,,
452,December,2020,12/30/2020,2.12,15,"1,440",600,"3,600",21,420,360,15,35,,
453,January ,2021,1/4/2021,2.81,15,"1,600",840,"3,400",24,320,540,12,47,,
454,February,2021,2/17/21,2.43,15,"2,400","1,100","4,400",9,980,"1,050",10,47,,
455,March,2021,3/3/21,2.69,15,"1,900",860,"3,800",14,"1,000",750,18,45,,
456,March,2021,3/23/21,1.83,15,"2,100",900,"4,200",16,680,800,12,31,,
457,March,2021,3/25/21,3.14,15,"1,200",500,"3,300",8,580,720,8,52,,
458,March,2021,3/25/21,2.72,15,720,280,"2,800",20,320,420,14,45,,
459,March,2021,3/25/21,3.34,15,800,240,"2,700",4,180,380,6,56,,
460,March,2021,3/27/21,3.64,15,"2,200",750,"3,000",24,540,740,14,61,,
461,March,2021,3/27/21,2.95,15,"1,600",880,"4,200",12,480,890,20,49,,
462,March,2021,3/27/21,2.34,15,"1,000",280,"2,400",0,400,960,12,39,,
463,March,2021,3/31/21,2.55,15,"3,000",720,"3,600",21,720,"1,200",21,43,,
464,April,2021,4/13/21,3.50,15,"2,700","1,400","4,400",12,810,"1,050",14,58,,
465,May,2021,5/6/21,5.03,15,"2,300",840,"5,000",28,640,980,18,84,,
466,May,2021,5/6/21,3.90,15,"1,900",560,"3,900",14,590,"1,010",26,65,,
467,May,2021,5/28/21,3.66,15,"5,800",600,"5,400",20,700,880,30,61,,
468,May,2021,5/28/21,3.69,15,"1,800",440,"3,400",22,540,980,14,62,,
469,June,2021,6/1/21,3.77,15,"2,200",480,"4,000",12,400,600,18,49,,
470,June,2021,6/1/21,4.27,15,"3,400",360,"5,400",28,720,"1,000",20,71,,
471,June,2021,6/4/21,3.03,15,"4,400",480,"4,800",34,720,980,22,51,,
472,June,2021,6/11/21,3.83,15,"3,400",660,"6,000",22,560,800,21,64,,
473,June,2021,6/11/21,3.30,15,"2,500",360,"4,400",18,320,720,12,55,,
474,June,2021,6/11/21,3.90,15,"1,600",290,"2,800",16,300,540,14,65,,
475,June,2021,6/12/21,2.78,15,"1,200",250,"2,700",10,320,360,8,46,,
476,June,2021,6/12/21,2.67,15,"1,040",200,"2,700",12,480,320,10,45,,
477,June,2021,6/15/21,3.58,15,"4,400",640,"5,000",30,600,"1,080",28,60,,
478,July,2021,7/2/21,4.50,15,"4,800",720,"6,200",32,810,"1,200",30,75,,
479,July,2021,7/2/21,3.91,15,"1,800",180,"2,900",21,300,600,12,65,,
480,July,2021,7/14/21,1.32,15,"3,600",640,"4,800",16,440,840,18,22,,
481,August,2021,8/3/21,2.31,15,"3,000",340,"4,800",24,320,480,18,39,,
482,August,2021,8/12/21,3.66,15,"4,200",540,"5,400",28,680,"1,100",28,61,,
483,August,2021,8/12/21,2.07,15,"1,400",120,"2,400",12,180,940,8,35,,
484,August,2021,8/16/21,3.80,15,"2,800",340,"3,400",16,290,800,12,63,,
485,August,2021,8/16/21,3.97,15,"1,800",140,"2,400",10,200,540,12,66,,
486,August,2021,8/20/21,5.20,15,"3,400",660,"4,200",24,480,960,24,87,,
487,September ,2021,9/1/2021,2.00,15,"2,600",420,"5,200",20,220,640,18,33,,
488,September,2021,9/2/2021,1.66,15,"3,300",510,"4,900",22,340,"1,010",14,28,,
489,September,2021,9/2/2021,2.18,15,"4,100",680,"5,400",12,280,940,20,36,,
490,September,2021,9/3/2021,4.01,15,"1,800",350,"3,800",18,180,690,10,67,,
491,September,2021,9/15/2021,2.90,15,"3,500",480,"4,900",24,200,"1,050",28,48,,
492,September,2021,9/24/2021,4.12,15,"2,900",500,"3,300",30,340,890,14,69,,
493,September,2021,9/24/2021,4.00,15,850,100,"1,800",2,100,440,2,67,,
494,September,2021,9/24/2021,2.92,15,680,180,"2,000",8,75,360,14,49,,
495,October,2021,10/26/2021,3.38,15,"3,100",380,"4,500",18,180,980,22,56,,
496,October,2021,10/26/2021,3.81,15,"1,750",400,"4,800",30,220,740,12,64,,
497,October,2021,10/26/2021,2.61,15,980,120,"2,800",16,140,"1,000",20,44,,
498,November,2021,11/1/2021,3.02,15,"2,800",400,"5,500",24,240,880,32,50,,
499,November,2021,11/1/2021,2.54,15,"1,200",320,"3,000",12,150,400,2,42,,
500,November,2021,11/1/2021,3.09,15,840,240,"1,400",4,80,280,6,52,,
501,November,2021,11/1/2021,3.73,15,"1,040",250,"2,200",11,100,320,18,62,,
502,November,2021,11/1/2021,3.89,15,500,75,"1,500",10,110,460,4,65,,
503,November,2021,11/2/2021,3.90,15,800,100,"1,800",6,75,380,8,65,,
504,November,2021,11/2/2021,3.72,15,640,140,"2,000",12,100,500,2,62,,
505,November,2021,11/2/2021,2.66,15,900,150,"1,000",4,50,250,1,44,,
506,November,2021,11/3/2021,3.55,15,660,95,"2,800",24,100,375,20,59,,
507,November,2021,11/3/2021,2.80,15,750,150,"1,400",15,190,550,16,47,,
508,November,2021,11/13/2021,3.22,15,"3,800",450,"4,800",32,175,640,28,54,,
509,December,2021,12/7/2021,1.90,15,"2,900",290,"4,200",20,200,840,32,32,,
510,December,2021,12/31/2021,1.83,15,"1,800",320,"3,900",28,180,800,12,31,,
511,January,2022,1/5/2022,2.20,15,"2,700",220,"5,100",34,200,610,15,37,,
512,January,2022,1/18/2022,2.99,15,"4,200",520,"4,000",40,480,500,20,50,,
513,January,2022,1/18/2022,3.12,15,"3,000",325,"3,300",11,190,900,30,52,,
514,January,2022,1/19/2022,2.86,15,"1,200",80,"2,200",10,140,400,12,48,,
515,January,2022,1/19/2022,2.72,15,600,70,"1,000",13,24,180,4,45,,
517,March,2022,3/11/2022,2.15,15,"4,400",210,"5,200",30,140,500,28,36,,
516,February,2022,2/21/2022,2.71,15,"3,100",220,"4,400",28,110,650,36,45,,
518,March,2022,3/25/2022,4.66,15,"2,800",140,"3,300",18,80,550,36,78,,
519,March,2022,3/25/2022,2.35,15,"1,100",100,"3,000",24,100,600,12,39,,
520,April,2022,4/2/2022,2.75,15,"3,400",240,"4,800",34,81,800,18,46,,
521,April,2022,4/7/2022,2.59,15,"2,800",200,"5,000",10,120,540,21,43,,
522,April,2022,4/7/2022,3.70,15,800,64,"1,200",6,50,350,2,62,,
523,April,2022,4/7/2022,2.61,15,"1,800",110,"2,300",20,120,460,14,44,,
524,April ,2022,4/8/2022,3.97,15,540,50,900,4,64,240,0,66,,
525,April,2022,4/29/2022,4.51,15,"3,300",300,"4,200",34,140,640,20,75,,
526,May,2022,5/11/2022,2.83,15,"2,800",220,"3,600",22,180,780,30,47,,
527,May,2022,5/11/2022,4.14,15,900,48,"1,200",8,80,580,8,69,,
528,May ,2022,5/17/2022,3.21,15,"2,100",110,"5,000",24,140,900,28,54,,
529,May,2022,5/24/2022,3.83,15,"3,200",200,"6,200",40,120,"1,000",40,64,,
530,May,2022,5/31/2022,3.97,15,"1,440",75,"3,600",22,80,440,14,66,,
531,May,2022,5/31/2022,4.02,15,800,50,"1,800",10,64,320,6,67,,
532,May,2022,5/31/2022,3.76,15,540,110,"1,100",4,50,450,12,63,,
533,June,2022,6/1/2022,3.18,15,"2,900",420,"3,800",12,240,"1,100",9,53,,
534,June,2022,6/10/2022,4.02,15,"2,000",340,"2,900",8,320,880,20,67,,
535,June,2022,6/10/2022,3.36,15,960,120,"1,500",14,96,640,10,56,,
536,June,2022,6/11/2022,1.64,10,"3,200",290,"4,200",9,380,"1,000",6,27,,
537,June,2022,6/11/2022,3.76,15,"1,250",100,"2,100",24,200,960,18,63,,
538,June,2022,6/29/2022,1.97,15,"2,900",360,"3,200",12,400,840,14,33,,
539,June,2022,6/29/2022,3.96,15,"2,100",240,"4,800",20,360,"1,200",21,66,,
540,July,2022,7/5/2022,3.77,15,"3,600",320,"5,000",12,330,"1,400",18,63,,
541,July,2022,7/5/2022,3.25,15,"1,400",120,"3,600",22,280,980,30,54,,
542,July,2022,7/15/2022,2.75,15,"3,900",200,"4,200",21,210,"1,200",18,46,,
543,July,2022,7/18/2022,2.70,15,"3,000",240,"4,400",24,270,"1,100",12,45,,
544,July,2022,7/18/2022,3.39,15,"1,800",96,"2,800",4,120,980,10,57,,
545,July,2022,7/21/2022,2.82,15,"2,700",180,"3,800",10,200,860,21,47,,
546,July,2022,7/27/2022,2.03,15,"2,400",120,"4,400",28,360,"1,500",24,34,,
547,July,2022,7/29/2022,1.69,13,"2,900",210,"4,900",16,290,900,12,28,,
548,August,2022,8/9/2022,2.84,15,"1,400",280,"3,500",12,140,750,20,47,,
549,August,2022,8/19/2022,2.25,15,"3,900",340,"5,500",20,200,"1,100",30,38,,
550,September,2022,9/9/2022,3.09,15,"4,200",390,"4,800",10,180,960,21,52,,
551,September,2022,9/13/2022,3.67,15,"2,800",120,"4,200",12,150,"1,000",36,61,,
552,September,2022,9/14/2022,3.64,15,"1,900",200,"6,300",8,80,"1,260",14,61,,
553,September,2022,9/14/2022,3.78,15,960,75,"2,900",11,100,660,8,63,,
554,September,2022,9/14/2022,3.69,15,640,50,"1,800",24,140,500,6,62,,
555,September,2022,9/15/2022,3.88,15,750,84,"2,200",9,72,480,18,65,,
556,September,2022,9/15/2022,4.18,15,500,48,"1,800",10,84,360,5,70,,
557,October,2022,10/7/2022,2.73,14,"3,500",280,"4,900",21,210,"1,000",21,46,,
558,October,2022,10/7/2022,4.39,15,"2,900",320,"5,500",36,180,"1,360",18,73,,
559,November,2022,11/10/2022,2.03,15,"2,100",100,"4,900",42,150,"1,600",30,34,,
560,November,2022,11/14/2022,3.12,15,"3,200",280,"5,400",24,200,"1,200",32,52,,
561,November,2022,11/22/2022,2.27,15,"1,800",150,"2,900",12,160,980,21,38,,
562,December,2022,12/9/2022,2.54,15,"1,500",84,"3,900",36,190,"1,400",40,42,,
563,December,2022,12/17/2022,3.27,15,"2,100",120,"4,200",18,220,"1,600",21,55,,
564,December,2022,12/17/2022,2.79,15,"1,000",48,"2,100",8,64,900,14,47,,
565,December,2022,12/21/2022,3.15,15,"2,900",320,"4,800",21,180,"1,900",36,53,,
566,December,2022,12/28/2022,3.02,15,"1,600",100,"3,600",24,200,"2,000",27,50,,
567,December,2022,12/29/2022,3.36,15,"2,100",120,"1,800",21,110,"1,600",14,56,,
568,January,2023,1/27/2023,3.23,15,"1,700",210,"2,900",15,180,"1,500",10,54,,
569,February,2023,2/20/2023,3.03,15,"2,400",300,"3,300",21,210,"1,100",21,51,,
570,February,2023,2/20/2023,3.53,15,"3,600",280,"4,200",24,240,"2,200",30,59,,
571,March,2023,3/6/2023,3.14,15,"2,700",180,"3,200",18,270,"1,700",20,52,,
572,March,2023,3/29/2023,3.41,15,"2,900",200,"3,000",20,200,"1,400",14,57,,
573,April,2023,4/17/2023,4.78,15,"1,800",90,"2,400",16,170,980,11,80,,
574,April,2023,4/17/2023,5.31,15,"2,200",210,"3,800",30,280,"1,800",28,89,,
575,April,2023,4/20/2023,2.97,15,"3,000",280,"4,000",22,320,"2,100",18,50,,
576,April,2023,4/24/2023,3.66,15,"2,100",200,"3,300",21,260,"2,100",24,61,,
577,April,2023,4/24/2023,4.87,15,"1,000",64,"1,900",10,120,900,9,81,,
578,April,2023,4/24/2023,5.31,15,"2,700",190,"3,600",32,340,"2,000",32,89,,
579,May,2023,5/4/2023,3.66,15,"2,200",420,"4,100",27,290,"2,300",40,61,,
580,May,2023,5/4/2023,2.62,15,"3,100",380,"2,900",40,220,"1,800",21,44,,
581,June,2023,6/28/2023,3.56,15,"3,400",480,"4,400",36,310,"2,200",27,59,,
582,June,2023,6/28/2023,3.79,15,"4,000",390,"4,200",32,400,"1,400",38,63,,
583,June,2023,6/28/2023,2.28,10,"2,100",300,"3,300",12,240,"1,000",18,38,,
584,June,2023,6/29/2023,3.90,15,"1,900",220,"4,700",30,180,"2,100",21,65,,
585,July,2023,7/3/2023,4.08,15,"2,300",310,"3,900",27,220,"1,400",30,68,,
586,July,2023,7/5/2023,4.36,15,"3,200",270,"5,200",21,320,"1,800",27,73,,
587,July,2023,7/5/2023,4.23,15,"1,200",180,"2,500",18,190,"1,500",14,71,,
588,July,2023,7/10/2023,3.71,15,"3,400",400,"4,500",22,280,"2,200",27,62,,
589,July,2023,7/10/2023,3.58,15,"2,100",200,"3,200",29,250,"1,800",21,60,,
590,July,2023,7/10/2023,3.79,15,980,80,"1,400",6,150,980,2,63,,
591,July,2023,7/10/2023,3.88,15,540,48,980,0,120,450,8,65,,
592,July ,2023,7/10/2023,3.81,15,"1,100",100,"2,100",12,48,900,12,64,,
593,July,2023,7/11/2023,3.82,15,750,50,"1,200",10,110,"1,200",10,64,,
594,July,2023,7/24/2023,1.89,10,"1,800",160,"3,200",24,220,"1,700",24,32,,
595,July,2023,7/24/2023,3.58,15,"2,300",390,"5,000",32,360,"2,400",30,60,,
596,July,2023,7/31/2023,3.67,15,"3,400",480,"5,800",24,440,"3,000",18,61,,
597,July,2023,7/31/2023,2.91,15,"2,700",300,"4,200",38,220,"1,800",30,49,,
598,August,2023,8/8/2023,4.44,15,"3,000",440,"5,400",21,330,"1,400",24,74,,
599,August,2023,8/9/2023,3.41,15,"3,800",350,"6,000",18,120,"2,100",40,57,,
600,August,2023,8/10/2023,3.83,15,"4,200",480,"4,800",40,270,"2,400",21,64,,
601,August,2023,8/10/2023,2.67,15,"1,800",90,"3,800",27,420,"1,850",42,45,,
602,August,2023,8/14/2023,2.15,10,"2,000",290,"4,300",24,400,"3,000",36,36,,
603,August,2023,8/17/2023,3.08,15,"3,300",400,"5,500",44,310,"1,100",10,51,,
604,September,2023,9/11/2023,2.77,15,"4,200",500,"4,200",18,540,"2,900",30,46,,
605,September,2023,9/11/2023,3.55,15,"1,200",210,"3,100",10,200,"1,400",6,59,,
606,September,2023,9/12/2023,3.51,15,"2,200",340,"4,400",20,140,"2,000",20,59,,
607,september,2023,9/12/2023,3.32,15,850,150,"1,800",8,180,"1,500",18,55,,
608,September,2023,9/12/2023,3.10,15,980,80,"2,100",16,80,"1,100",4,52,,
609,September,2023,9/13/2023,3.97,15,300,50,"1,500",12,120,600,0,66,,
610,September,2023,9/13/2023,2.86,15,450,120,900,0,100,800,0,48,,
611,September,2023,9/13/2023,3.53,15,80,20,500,4,40,350,2,59,,
612,September,2023,9/19/2023,2.39,10,"1,800",240,"3,600",24,280,"2,100",27,40,,
613,September,2023,9/19/2023,3.26,15,"2,200",380,"4,800",40,410,"2,700",18,54,,
614,September,2023,9/26/2023,3.55,15,"3,400",360,"4,200",20,300,"1,200",14,59,,
615,October,2023,10/10/2023,2.27,15,"3,100",240,"3,300",12,220,980,30,38,,
616,October,2023,10/18/2023,2.19,15,"2,600",190,"3,900",18,290,"1,600",20,37,,
617,November,2023,11/24/2023,3.36,15,"1,800",120,"2,400",6,140,"1,900",14,56,,
618,November,2023,11/24/2023,2.93,15,"1,200",180,"3,200",12,180,"1,000",22,49,,
619,November,2023,11/24/2023,2.46,15,"2,200",210,"3,700",21,240,"1,200",18,41,,
620,November,2023,11/24/2023,3.23,15,"1,400",100,"2,000",8,80,980,10,54,,
621,November,2023,11/29/2023,2.07,10,"2,100",180,"2,800",18,200,"1,500",30,35,,
622,November,2023,11/29/2023,2.63,15,"1,600",240,"3,200",28,260,"1,100",18,44,,
623,November,2023,11/29/2023,2.95,15,"2,000",160,"4,400",24,180,"2,200",12,49,,
624,December,2023,12/12/2023,3.18,15,"3,200",240,"4,200",30,210,"1,800",16,53,,
625,December,2023,12/12/2023,3.73,15,"2,100",190,"3,000",22,190,"1,200",20,62,,
626,December,2023,12/20/2023,3.01,15,"1,400",120,"2,900",12,220,980,32,50,,
627,December,2023,12/20/2023,2.34,15,880,75,"2,600",8,140,"1,400",10,39,,
628,December,2023,12/23/2023,2.88,15,"2,000",140,"3,200",18,200,"1,900",22,48,,
629,December,2023,12/23/2023,2.51,15,"1,200",210,"4,000",27,250,"1,600",21,42,,
,,,,"2,019.54","9,589","1,246,155","920,011","11,735,100","13,502","545,554","898,129","8,553","30,020",,